Folder,URL
18M,https://pfredz-hsgt.github.io/imgres/18M/D2-M-1.png
18M,https://pfredz-hsgt.github.io/imgres/18M/D2-M-2.png
18M,https://pfredz-hsgt.github.io/imgres/18M/D2-M-3.png
18M,https://pfredz-hsgt.github.io/imgres/18M/D2-M-4.png
18M,https://pfredz-hsgt.github.io/imgres/18M/D2-M-5.png
18M,https://pfredz-hsgt.github.io/imgres/18M/D2-M-6.png
18M,https://pfredz-hsgt.github.io/imgres/18M/D2-M-7.png
18M,https://pfredz-hsgt.github.io/imgres/18M/D2-M-8.png
18M,https://pfredz-hsgt.github.io/imgres/18M/D2-M-9.png
18M,https://pfredz-hsgt.github.io/imgres/18M/D2-M-10.png
18M,https://pfredz-hsgt.github.io/imgres/18M/D2-M-11.png
18M,https://pfredz-hsgt.github.io/imgres/18M/D2-M-12.png
18M,https://pfredz-hsgt.github.io/imgres/18M/D2-M-13.png
18M,https://pfredz-hsgt.github.io/imgres/18M/D2-M-14.png
18M,https://pfredz-hsgt.github.io/imgres/18M/D2-M-15.png
18M,https://pfredz-hsgt.github.io/imgres/18M/D2-M-16.png
18M,https://pfredz-hsgt.github.io/imgres/18M/D2-M-17.png
18M,https://pfredz-hsgt.github.io/imgres/18M/D2-M-18.png
15M+8S,https://pfredz-hsgt.github.io/imgres/15M+8S/F2-M-1.png
15M+8S,https://pfredz-hsgt.github.io/imgres/15M+8S/F2-M-2.png
15M+8S,https://pfredz-hsgt.github.io/imgres/15M+8S/F2-M-3.png
15M+8S,https://pfredz-hsgt.github.io/imgres/15M+8S/F2-M-4.png
15M+8S,https://pfredz-hsgt.github.io/imgres/15M+8S/F2-M-5.png
15M+8S,https://pfredz-hsgt.github.io/imgres/15M+8S/F2-M-6.png
15M+8S,https://pfredz-hsgt.github.io/imgres/15M+8S/F2-M-7.png
15M+8S,https://pfredz-hsgt.github.io/imgres/15M+8S/F2-M-8.png
15M+8S,https://pfredz-hsgt.github.io/imgres/15M+8S/F2-M-9.png
15M+8S,https://pfredz-hsgt.github.io/imgres/15M+8S/F2-M-10.png
15M+8S,https://pfredz-hsgt.github.io/imgres/15M+8S/F2-M-11.png
15M+8S,https://pfredz-hsgt.github.io/imgres/15M+8S/F2-M-12.png
15M+8S,https://pfredz-hsgt.github.io/imgres/15M+8S/F2-M-13.png
15M+8S,https://pfredz-hsgt.github.io/imgres/15M+8S/F2-M-14.png
15M+8S,https://pfredz-hsgt.github.io/imgres/15M+8S/F2-M-15.png
15M+8S,https://pfredz-hsgt.github.io/imgres/15M+8S/F2-S-1.png
15M+8S,https://pfredz-hsgt.github.io/imgres/15M+8S/F2-S-2.png
15M+8S,https://pfredz-hsgt.github.io/imgres/15M+8S/F2-S-3.png
15M+8S,https://pfredz-hsgt.github.io/imgres/15M+8S/F2-S-4.png
15M+8S,https://pfredz-hsgt.github.io/imgres/15M+8S/F2-S-5.png
15M+8S,https://pfredz-hsgt.github.io/imgres/15M+8S/F2-S-6.png
15M+8S,https://pfredz-hsgt.github.io/imgres/15M+8S/F2-S-7.png
15M+8S,https://pfredz-hsgt.github.io/imgres/15M+8S/F2-S-8.png
36S,https://pfredz-hsgt.github.io/imgres/36S/J2-S-1.png
36S,https://pfredz-hsgt.github.io/imgres/36S/J2-S-2.png
36S,https://pfredz-hsgt.github.io/imgres/36S/J2-S-3.png
36S,https://pfredz-hsgt.github.io/imgres/36S/J2-S-4.png
36S,https://pfredz-hsgt.github.io/imgres/36S/J2-S-5.png
36S,https://pfredz-hsgt.github.io/imgres/36S/J2-S-6.png
36S,https://pfredz-hsgt.github.io/imgres/36S/J2-S-7.png
36S,https://pfredz-hsgt.github.io/imgres/36S/J2-S-8.png
36S,https://pfredz-hsgt.github.io/imgres/36S/J2-S-9.png
36S,https://pfredz-hsgt.github.io/imgres/36S/J2-S-10.png
36S,https://pfredz-hsgt.github.io/imgres/36S/J2-S-11.png
36S,https://pfredz-hsgt.github.io/imgres/36S/J2-S-12.png
36S,https://pfredz-hsgt.github.io/imgres/36S/J2-S-13.png
36S,https://pfredz-hsgt.github.io/imgres/36S/J2-S-14.png
36S,https://pfredz-hsgt.github.io/imgres/36S/J2-S-15.png
36S,https://pfredz-hsgt.github.io/imgres/36S/J2-S-16.png
36S,https://pfredz-hsgt.github.io/imgres/36S/J2-S-17.png
36S,https://pfredz-hsgt.github.io/imgres/36S/J2-S-18.png
36S,https://pfredz-hsgt.github.io/imgres/36S/J2-S-19.png
36S,https://pfredz-hsgt.github.io/imgres/36S/J2-S-20.png
36S,https://pfredz-hsgt.github.io/imgres/36S/J2-S-21.png
36S,https://pfredz-hsgt.github.io/imgres/36S/J2-S-22.png
36S,https://pfredz-hsgt.github.io/imgres/36S/J2-S-23.png
36S,https://pfredz-hsgt.github.io/imgres/36S/J2-S-24.png
36S,https://pfredz-hsgt.github.io/imgres/36S/J2-S-25.png
36S,https://pfredz-hsgt.github.io/imgres/36S/J2-S-26.png
36S,https://pfredz-hsgt.github.io/imgres/36S/J2-S-27.png
36S,https://pfredz-hsgt.github.io/imgres/36S/J2-S-28.png
36S,https://pfredz-hsgt.github.io/imgres/36S/J2-S-29.png
36S,https://pfredz-hsgt.github.io/imgres/36S/J2-S-30.png
36S,https://pfredz-hsgt.github.io/imgres/36S/J2-S-31.png
36S,https://pfredz-hsgt.github.io/imgres/36S/J2-S-32.png
36S,https://pfredz-hsgt.github.io/imgres/36S/J2-S-33.png
36S,https://pfredz-hsgt.github.io/imgres/36S/J2-S-34.png
36S,https://pfredz-hsgt.github.io/imgres/36S/J2-S-35.png
36S,https://pfredz-hsgt.github.io/imgres/36S/J2-S-36.png
8L+4S,https://pfredz-hsgt.github.io/imgres/8L+4S/D3-L-1.png
8L+4S,https://pfredz-hsgt.github.io/imgres/8L+4S/D3-L-2.png
8L+4S,https://pfredz-hsgt.github.io/imgres/8L+4S/D3-L-3.png
8L+4S,https://pfredz-hsgt.github.io/imgres/8L+4S/D3-L-4.png
8L+4S,https://pfredz-hsgt.github.io/imgres/8L+4S/D3-L-5.png
8L+4S,https://pfredz-hsgt.github.io/imgres/8L+4S/D3-L-6.png
8L+4S,https://pfredz-hsgt.github.io/imgres/8L+4S/D3-L-7.png
8L+4S,https://pfredz-hsgt.github.io/imgres/8L+4S/D3-L-8.png
8L+4S,https://pfredz-hsgt.github.io/imgres/8L+4S/D3-S-1.png
8L+4S,https://pfredz-hsgt.github.io/imgres/8L+4S/D3-S-2.png
8L+4S,https://pfredz-hsgt.github.io/imgres/8L+4S/D3-S-3.png
8L+4S,https://pfredz-hsgt.github.io/imgres/8L+4S/D3-S-4.png
8L,https://pfredz-hsgt.github.io/imgres/8L/J3-L-1.png
8L,https://pfredz-hsgt.github.io/imgres/8L/J3-L-2.png
8L,https://pfredz-hsgt.github.io/imgres/8L/J3-L-3.png
8L,https://pfredz-hsgt.github.io/imgres/8L/J3-L-4.png
8L,https://pfredz-hsgt.github.io/imgres/8L/J3-L-5.png
8L,https://pfredz-hsgt.github.io/imgres/8L/J3-L-6.png
8L,https://pfredz-hsgt.github.io/imgres/8L/J3-L-7.png
8L,https://pfredz-hsgt.github.io/imgres/8L/J3-L-8.png
9M,https://pfredz-hsgt.github.io/imgres/9M/K-M-1.png
9M,https://pfredz-hsgt.github.io/imgres/9M/K-M-2.png
9M,https://pfredz-hsgt.github.io/imgres/9M/K-M-3.png
9M,https://pfredz-hsgt.github.io/imgres/9M/K-M-4.png
9M,https://pfredz-hsgt.github.io/imgres/9M/K-M-5.png
9M,https://pfredz-hsgt.github.io/imgres/9M/K-M-6.png
9M,https://pfredz-hsgt.github.io/imgres/9M/K-M-7.png
9M,https://pfredz-hsgt.github.io/imgres/9M/K-M-8.png
9M,https://pfredz-hsgt.github.io/imgres/9M/K-M-9.png
